Species_Name,n.plots,mean.years,min.years,max.years,FunGroup,new.code
Anagallis arvensis,50,3.44,1,20,Exotic Forb,ANAARV
Gastridium ventricosum,95,3.010526316,1,14,Exotic Grass,GASVEN
Astragalus gambelianus,106,3.886792453,1,14,Native Forb,ASTGAM
Avena fatua,357,14.8907563,1,20,Exotic Grass,AVEFAT
Bromus hordeaceus,397,14.82367758,1,20,Exotic Grass,BROHOR
Bromus madritensis,253,7.130434783,1,20,Exotic Grass,BROMAD
Centaurea solstitialis,175,7.771428571,1,20,Exotic Forb,CENSOL
Elymus caput-medusae,309,12.68932039,1,20,Exotic Grass,ELYCAP
Erodium cicutarium,220,7.809090909,1,20,Exotic Forb,EROCIC
Festuca microstachys,238,11.81092437,1,20,Native Grass,FESMIC
Lupinus bicolor,228,9.219298246,1,20,Native Forb,LUPBIC
Senecio vulgaris,88,2.340909091,1,9,Exotic Forb,SENVUL
Acmispon wrangelianus,275,8.305454545,1,20,Native Forb,ACMWRA
Athysanus pusillus,232,4.176724138,1,17,Native Forb,ATHPUS
Clarkia purpurea,276,7.253623188,1,20,Native Forb,CLAPUR
Hemizonia congesta,236,12.19067797,1,20,Native Forb,HEMCON
Plagiobothrys nothofulvus,56,3.982142857,1,16,Native Forb,PLANOT
Plantago erecta,288,11.56597222,1,20,Native Forb,PLAERE
Lasthenia californica,162,12.15432099,1,20,Native Forb,LASCAL
Lupinus succulentus,46,5.695652174,1,15,Native Forb,LUPSUC
Microsteris gracilis,69,3.666666667,1,15,Native Forb,MICGRA
Vicia villosa,193,6.740932642,1,19,Exotic Forb,VICVIL
Achyrachaena mollis,137,4.299270073,1,17,Native Forb,ACHMOL
Euphorbia crenulata,131,7.335877863,1,18,Native Forb,EUPCRE
Festuca perennis,209,7.928229665,1,20,Exotic Grass,FESPER
Lactuca serriola,270,3.537037037,1,17,Exotic Forb,LACSER
Amsinckia menziesii,84,3.619047619,1,16,Native Forb,AMSMEN
Festuca myuros,213,4.244131455,1,18,Exotic Grass,FESMYU
Holocarpha virgata,223,9.735426009,1,20,Native Forb,HOLVIR
Medicago polymorpha,166,4.5,1,18,Exotic Forb,MEDPOL
Sidalcea diploscypha,133,6.962406015,1,20,Native Forb,SIDDIP
Trifolium fucatum,91,7.868131868,1,20,Native Forb,TRIFUC
Agoseris heterophylla,235,5.919148936,1,19,Native Forb,AGOHET
Navarretia pubescens,136,5.926470588,1,19,Native Forb,NAVPUB
Geranium dissectum,164,10.83536585,1,20,Exotic Forb,GERDIS
Epilobium brachycarpum,239,4.230125523,1,16,Native Forb,EPIBRA
Gilia tricolor,46,5.934782609,1,19,Native Forb,GILTRI
Trifolium hirtum,201,9.427860697,1,20,Exotic Forb,TRIHIR
Trifolium willdenovii,47,3,1,11,Native Forb,TRIWIL
Hypochaeris glabra,221,6.325791855,1,20,Exotic Forb,HYPGLA
Calandrinia menziesii,45,1.755555556,1,9,Native Forb,CALMEN
Castilleja attenuata,124,4.096774194,1,16,Native Forb,CASATT
Galium aparine,102,3,1,14,Native Forb,GALAPA
Galium murale,164,7.140243902,1,17,Exotic Forb,GALMUR
Velezia rigida,10,9.7,2,18,Exotic Forb,VELRIG
Trifolium albopurpureum,141,5.078014184,1,19,Native Forb,TRIALB
Croton setiger,171,4.374269006,1,16,Native Forb,CROSET
Collinsia sparsiflora,107,7.579439252,1,20,Native Forb,COLSPA
Acmispon brachycarpus,121,8.520661157,1,20,Native Forb,ACMBRA
Rigiopappus leptocladus,72,4.625,1,16,Native Forb,RIGLEP
Ancistrocarphus filagineus,125,7.352,1,20,Native Forb,ANCFIL
Thysanocarpus curvipes,29,3.310344828,1,14,Native Forb,THYCUR
Minuartia douglasii,23,4.956521739,1,18,Native Forb,MINDOU
Calycadenia pauciflora,65,10.04615385,1,20,Native Forb,CALPAU
Minuartia californica,22,4.454545455,1,18,Native Forb,MINCAL
Eriogonum vimineum,62,6.790322581,1,18,Native Forb,ERIVIM
Clarkia gracilis,71,6.985915493,1,20,Native Forb,CLAGRA
Navarretia jepsonii,63,8.888888889,1,20,Native Forb,NAVJEP
Hordeum marinum,31,1.935483871,1,8,Exotic Grass,HORMAR
Claytonia parviflora,39,2.743589744,1,15,Native Forb,CLAPAR
Chaenactis glabriuscula,6,4.166666667,1,13,Native Forb,CHAGLA
Microseris douglasii,159,8.855345912,1,19,Native Forb,MICDOU
Cerastium glomeratum,147,2.217687075,1,8,Exotic Forb,CERGLO
Gilia capitata,3,1,1,1,Native Forb,GILCAP
Hordeum murinum,6,1.5,1,2,Exotic Grass,HORMUR
Lepidium nitidum,80,1.9875,1,7,Native Forb,LEPNIT
Claytonia exigua,7,1.428571429,1,3,Native Forb,CLAEXI
Uropappus lindleyi,25,1.52,1,4,Native Forb,UROLIN
Castilleja rubicundula,61,3.901639344,1,16,Native Forb,CASRUB
Tetrapteron graciliflorum,43,4.186046512,1,14,Native Forb,TETGRA
Chorizanthe membranacea,15,3.066666667,1,15,Native Forb,CHOMEM
Lagophylla minor,36,6.5,1,17,Native Forb,LAGMIN
Acmispon parviflorus,39,5.615384615,1,17,Native Forb,ACMPAR
Streptanthus breweri,3,1,1,1,Native Forb,STRBRE
Cryptantha hispidula,12,1.416666667,1,3,Native Forb,CRYHIS
Chorizanthe polygonoides,8,3.375,1,11,Native Forb,CHOPOL
Acmispon americanus,18,4.166666667,1,10,Native Forb,ACMAME
Melilotus indicus,41,2.341463415,1,9,Exotic Forb,MELIND
Diplacus douglasii,34,4.147058824,1,15,Native Forb,DIPDOU
Stellaria nitens,89,2.528089888,1,10,Native Forb,STENIT
Bromus diandrus,192,8.791666667,1,20,Exotic Grass,BRODIA
Helianthus exilis,6,2.166666667,1,4,Native Forb,HELEXI
Bromus japonicus,2,1,1,1,Exotic Grass,BROJAP
Leptosiphon bicolor,116,5.663793103,1,19,Native Forb,LEPBIC
Sagina apetala,31,1.032258065,1,2,Native Forb,SAGAPE
Githopsis specularioides,43,4.162790698,1,13,Native Forb,GITSPE
Astragalus breweri,20,2.7,1,15,Native Forb,ASTBRE
Trifolium variegatum,6,2.666666667,1,6,Native Forb,TRIVAR
Erythranthe guttata,3,6.333333333,2,10,Native Forb,ERYGUT
Zeltnera trichantha,18,1.777777778,1,4,Native Forb,ZELTRI
Lessingia ramulosa,32,10.75,1,20,Native Forb,LESRAM
Trifolium ciliolatum,6,1.666666667,1,3,Native Forb,TRICIL
Plectritis ciliosa,40,5.1,1,20,Native Forb,PLECIL
Triphysaria eriantha,54,3.944444444,1,19,Native Forb,TRIERI
Cardamine oligosperma,19,1.526315789,1,3,Native Forb,CAROLI
Nemophila menziesii,16,2.3125,1,7,Native Forb,NEMMEN
Trifolium dubium,30,1.6,1,4,Exotic Forb,TRIDUB
Nemophila pedunculata,4,1,1,1,Native Forb,NEMPED
Festuca bromoides,6,1.166666667,1,2,Exotic Grass,FESBRO
Antirrhinum vexillocalyculatum,4,2,1,5,Native Forb,ANTVEX
Polypogon monspeliensis,17,1.235294118,1,2,Exotic Grass,POLMON
Poa bulbosa,19,3.789473684,1,13,Exotic Grass,POABUL
Stellaria media,7,1,1,1,Exotic Forb,STEMED
Pectocarya pusilla,16,3.6875,1,10,Native Forb,PECPUS
Nemophila heterophylla,23,2.173913043,1,6,Native Forb,NEMHET
Melica imperfecta,5,1,1,1,Native Grass,MELIMP
Leptosiphon latisectus,5,6.2,4,9,Native Forb,LEPLAT
Crassula connata,16,2,1,4,Native Forb,CRACON
Trichostema laxum,1,3,3,3,Native Forb,TRILAX
Cynosurus echinatus,16,3.375,1,14,Exotic Grass,CYNECH
Aira caryophyllea,32,4.8125,1,12,Exotic Grass,AIRCAR
Trifolium depauperatum,17,1.470588235,1,4,Native Forb,TRIDEP
Layia platyglossa,2,1,1,1,Native Forb,LAYPLA
Linanthus dichotomus,1,1,1,1,Native Forb,LINDIC
Leptosiphon ciliatus,13,6.461538462,1,16,Native Forb,LEPCIL
Petrorhagia prolifera,3,1.666666667,1,2,Exotic Forb,PETPRO
Centaurea melitensis,56,5.75,1,19,Exotic Forb,CENMEL
Castilleja densiflora,11,8,1,18,Native Forb,CASDEN
Aphanes occidentalis,53,2.301886792,1,8,Native Forb,APHOCC
Layia septentrionalis,5,9.2,1,14,Native Forb,LAYSEP
Lupinus microcarpus,63,4.682539683,1,17,Native Forb,LUPMIC
Triphysaria versicolor,1,1,1,1,Native Forb,TRIVER
Hordeum depressum,2,1,1,1,Native Grass,HORDEP
Festuca octoflora,1,1,1,1,Native Grass,FESOCT
Carduus pycnocephalus,47,4.617021277,1,16,Exotic Forb,CARPYC
Eriogonum covilleanum,8,3.375,1,7,Native Forb,ERICOV
Phalaris paradoxa,16,3.3125,1,8,Exotic Grass,PHAPAR
Rumex crispus,2,2.5,2,3,Exotic Forb,RUMCRI
Collinsia heterophylla,5,1.4,1,3,Native Forb,COLHET
Daucus pusillus,78,5.205128205,1,18,Native Forb,DAUPUS
Erythranthe androsacea,3,1,1,1,Native Forb,ERYAND
Hesperevax sparsiflora,17,2.117647059,1,6,Native Forb,HESSPA
Astragalus rattanii var. jepsonianus,5,5.6,1,14,Native Forb,ASTRATJ
Bellardia trixago,7,2.428571429,1,10,Exotic Forb,BELTRI
Brassica nigra,10,3.5,1,13,Exotic Forb,BRANIG
Capsella bursa-pastoris,3,1,1,1,Exotic Forb,CAPBUR
Allophyllum gilioides,6,2.5,1,9,Native Forb,ALLGIL
Navarretia viscidula,3,1,1,1,Native Forb,NAVVIS
Madia exigua,37,5.108108108,1,16,Native Forb,MADEXI
Navarretia tagetina,3,1.333333333,1,2,Native Forb,NAVTAG
Tragopogon dubius,2,1,1,1,Exotic Forb,TRADUB
Briza minor,6,2.5,1,4,Exotic Grass,BRIMIN
Juncus bufonius,1,1,1,1,Native Rush,JUNBUF
Madia gracilis,36,4.722222222,1,17,Native Forb,MADGRA
Madia elegans,9,1.111111111,1,2,Native Forb,MADELE
Convolvulus arvensis,1,1,1,1,Exotic Forb,CONARV
Leptosiphon jepsonii,5,18,15,20,Native Forb,LEPJEP
Trifolium obtusiflorum,2,1,1,1,Native Forb,TRIOBT
Anthriscus caucalis,2,1,1,1,Exotic Forb,ANTCAU
Matricaria discoidea,6,1.5,1,3,Exotic Forb,MATDIS
Atriplex prostrata,1,1,1,1,Native Forb,ATRPRO
Sisymbrium officinale,4,1.25,1,2,Exotic Forb,SISOFF
Castilleja exserta,1,1,1,1,Native Forb,CASEXS
Bromus tectorum,1,4,4,4,Exotic Grass,BROTEC
Poa annua,2,1,1,1,Exotic Grass,POAANN